x0000,y0000
345.98076,305.1875
348.3025400788,302.375
350.6208443152,304.4375
352.9356727092,305.6875
355.2470252608,304.875
357.55490197,303.9375
359.8593028368,302.1875
362.1602278612,307.9375
364.4576770432,306.375
366.7516503828,307.125
369.04214788,304.875
371.3291695348,301.1875
373.6127153472,301.125
375.8927853172,303.4375
378.1693794448,303.8125
380.44249773,303.625
382.7121401728,301.25
384.9783067732,302.3125
387.2409975312,307.3125
389.5002124468,306.25
391.75595152,305.4375
394.0082147508,305.5
396.2570021392,307.75
398.5023136852,306.
400.7441493888,306.5
402.98250925,305.125
405.2173932688,305.
407.4488014452,302.5
409.6767337792,304.4375
411.9011902708,305.375
414.12217092,300.625
416.3396757268,297.625
418.5537046912,301.125
420.7642578132,304.25
422.9713350928,305.75
425.17493653,307.
427.3750621248,303.375
429.5717118772,309.
431.7648857872,308.8125
433.9545838548,308.125
436.14080608,306.3125
438.3235524628,304.5625
440.5028230032,303.6875
442.6786177012,304.1875
444.8509365568,302.8125
447.01977957,303.0625
449.1851467408,301.3125
451.3470380692,303.5625
453.5054535552,307.8125
455.6603931988,306.1875
457.811857,302.6875
459.9598449588,301.875
462.1043570752,305.25
464.2453933492,309.5625
466.3829537808,308.875
468.51703837,306.25
470.6476471168,304.8125
472.7747800212,305.75
474.8984370832,306.3125
477.0186183028,306.0625
479.13532368,305.5
481.2485532148,302.3125
483.3583069072,305.25
485.4645847572,306.5625
487.5673867648,307.25
489.66671293,303.25
491.7625632528,300.
493.8549377332,301.75
495.9438363712,303.75
498.0292591668,304.5
500.11120612,305.0625
502.1896772308,305.625
504.2646724992,310.3125
506.3361919252,309.125
508.4042355088,310.75
510.46880325,309.8125
512.5298951488,309.9375
514.5875112052,309.1875
516.6416514192,308.9375
518.6923157908,309.625
520.73950432,307.6875
522.7832170068,304.0625
524.8234538512,305.625
526.8602148532,307.8125
528.8935000128,310.1875
530.92330933,317.8125
532.9496428048,329.125
534.9725004372,339.6875
536.9918822272,343.9375
539.0077881748,340.6875
541.02021828,328.75
543.0291725428,314.9375
545.0346509632,313.875
547.0366535412,312.
549.0351802768,310.0625
551.03023117,307.6875
553.0218062208,304.5625
555.0099054292,307.3125
556.9945287952,308.125
558.9756763188,309.625
560.953348,307.4375
562.9275438388,304.6875
564.8982638352,302.6875
566.8655079892,307.9375
568.8292763008,308.125
570.78956877,308.9375
572.7463853968,305.1875
574.6997261812,306.4375
576.6495911232,307.5
578.5959802228,308.625
580.53889348,304.25
582.4783308948,302.0625
584.4142924672,303.1875
586.3467781972,304.
588.2757880848,304.0625
590.20132213,303.4375
592.1233803328,302.125
594.0419626932,305.6875
595.9570692112,308.4375
597.8686998868,308.6875
599.77685472,307.1875
601.6815337108,311.6875
603.5827368592,311.9375
605.4804641652,311.1875
607.3747156288,310.1875
609.26549125,309.4375
611.1527910288,307.8125
613.0366149652,307.0625
614.9169630592,307.25
616.7938353108,308.
618.66723172,306.5
620.5371522868,303.125
622.4035970112,308.9375
624.2665658932,309.0625
626.1260589328,309.0625
627.98207613,308.3125
629.8346174848,304.6875
631.6836829972,305.4375
633.5292726672,304.9375
635.3713864948,304.6875
637.21002448,305.125
639.0451866228,304.75
640.8768729232,307.875
642.7050833812,306.4375
644.5298179968,308.4375
646.35107677,304.5
648.1688597008,302.0625
649.9831667892,306.1875
651.7939980352,310.75
653.6013534388,308.5625
655.405233,308.375
657.2056367188,305.25
659.0025645952,308.75
660.7960166292,309.5
662.5859928208,309.125
664.37249317,307.9375
666.1555176768,304.4375
667.9350663412,306.3125
669.7111391632,305.6875
671.4837361428,305.4375
673.25285728,304.125
675.0185025748,304.5625
676.7806720272,308.0625
678.5393656372,308.25
680.2945834048,306.875
682.04632533,302.875
683.7945914128,301.4375
685.5393816532,304.0625
687.2806960512,305.375
689.0185346068,306.
690.75289732,301.9375
692.4837841908,300.0625
694.2111952192,304.0625
695.9351304052,304.3125
697.6555897488,306.75
699.37257325,306.4375
701.0860809088,302.75
702.7961127252,304.5
704.5026686992,306.6875
706.2057488308,308.25
707.90535312,304.3125
709.6014815668,301.5625
711.2941341712,305.4375
712.9833109332,304.5
714.6690118528,305.125
716.35123693,304.4375
718.0299861648,303.625
719.7052595572,307.
721.3770571072,306.875
723.0453788148,305.9375
724.71022468,306.0625
726.3715947028,303.75
728.0294888832,305.9375
729.6839072212,308.4375
731.3348497168,308.875
732.98231637,306.1875
734.6263071808,302.9375
736.2668221492,304.8125
737.9038612752,308.
739.5374245588,307.375
741.167512,307.5
742.7941235988,305.375
744.4172593552,305.875
746.0369192692,306.75
747.6531033408,304.375
749.26581157,303.0625
750.8750439568,301.625
752.4808005012,305.125
754.0830812032,307.3125
755.6818860628,306.875
757.27721508,307.5625
758.8690682548,306.125
760.4574455872,309.4375
762.0423470772,308.125
763.6237727248,306.9375
765.20172253,304.3125
766.7761964928,301.5625
768.3471946132,305.375
769.9147168912,307.1875
771.4787633268,307.5
773.03933392,306.125
774.5964286708,305.4375
776.1500475792,309.625
777.7001906452,309.0625
779.2468578688,308.875
780.79004925,305.625
782.3297647888,305.75
783.8660044852,306.5
785.3987683392,308.375
786.9280563508,307.625
788.45386852,305.375
789.9762048468,304.0625
791.4950653312,308.5
793.0104499732,308.9375
794.5223587728,308.0625
796.03079173,305.1875
797.5357488448,301.375
799.0372301172,303.5625
800.5352355472,304.375
802.0297651348,305.
803.52081888,302.125
805.0083967828,300.0625
806.4924988432,303.8125
807.9731250612,306.75
809.4502754368,308.6875
810.92394997,309.0625
812.3941486608,306.875
813.8608715092,307.1875
815.3241185152,309.3125
816.7838896788,309.0625
818.240185,307.3125
819.6930044788,302.1875
821.1423481152,308.125
822.5882159092,307.0625
824.0306078608,305.9375
825.46952397,305.625
