timestamp;pixel0;1;2;3;4;5;6;7;8;9;10;11;12;13;14;15;16;17;18;19;20;21;22;23;24;25;26;27;28;29;30;31;32;33;34;35;36;37;38;39;40;41;42;43;44;45;46;47;48;49;50;51;52;53;54;55;56;57;58;59;60;61;62;63;64;65;66;67;68;69;70;71;72;73;74;75;76;77;78;79;80;81;82;83;84;85;86;87;88;89;90;91;92;93;94;95;96;97;98;99;100;101;102;103;104;105;106;107;108;109;110;111;112;113;114;115;116;117;118;119;120;121;122;123;124;125;126;127;128;129;130;131;132;133;134;135;136;137;138;139;140;141;142;143;144;145;146;147;148;149;150;151;152;153;154;155;156;157;158;159;160;161;162;163;164;165;166;167;168;169;170;171;172;173;174;175;176;177;178;179;180;181;182;183;184;185;186;187;188;189;190;191;192;193;194;195;196;197;198;199;200;201;202;203;204;205;206;207;208;209;210;211;212;213;214;215;216;217;218;219;220;221;222;223;224;225;226;227;228;229;230;231;232;233;234;235;236;237;238;239;240;241;242;243;244;245;246;247;248;249;250;251;252;253;254;255
7-8-2026 10:11;17;31;32;24;22;37;30;6;17;28;24;22;20;23;23;24;17;20;22;28;20;20;29;26;24;28;34;17;24;26;20;25;18;26;25;28;23;33;41;53;62;77;99;108;148;168;222;294;372;474;610;765;918;1056;1154;1140;1070;961;853;725;645;588;527;473;443;399;377;371;379;383;381;409;416;437;449;458;466;495;497;504;519;522;542;561;561;572;597;616;636;667;677;686;693;707;699;695;702;703;681;706;727;732;740;751;757;756;748;756;741;736;736;742;750;749;774;806;828;851;874;891;892;902;917;912;930;950;936;926;945;918;881;834;811;780;744;715;694;664;656;640;620;608;588;565;541;517;493;457;423;406;380;359;328;328;305;294;286;290;264;248;250;241;217;206;197;189;175;163;157;158;150;136;123;125;119;123;103;93;102;96;88;87;88;78;69;80;86;63;67;76;59;49;58;49;57;48;62;49;37;37;47;33;45;49;48;35;39;31;35;34;38;35;25;22;37;37;24;30;36;35;24;23;24;28;24;32;25;27;29;28;31;29;21;19;30;20;31;19;22;35;22;25;30;22;18;24;18;23;28;33;25;26;24;26;19;18
7-8-2026 10:11;24;27;27;23;23;33;34;27;22;31;39;22;23;36;29;26;31;34;22;32;28;26;45;36;35;32;29;26;27;31;27;26;23;27;35;37;33;43;49;49;67;92;96;125;148;178;226;292;382;476;621;775;924;1068;1149;1153;1072;972;856;729;652;594;535;476;437;412;393;373;387;391;394;415;426;436;448;472;479;495;505;521;523;530;550;567;567;589;604;628;647;674;682;701;703;707;707;703;711;709;702;712;723;744;759;768;768;758;768;763;746;739;752;757;755;770;809;836;873;892;942;971;984;1017;1070;1110;1165;1240;1317;1414;1527;1654;1811;1977;2195;2393;2601;2798;2939;2982;3008;2980;2888;2691;2424;2125;1821;1541;1300;1091;920;785;673;580;502;457;423;372;346;332;300;283;276;263;234;226;211;195;177;177;171;151;146;149;143;118;133;133;100;103;104;96;86;102;87;86;85;84;76;72;73;77;62;63;63;55;62;63;60;57;43;54;44;46;53;52;52;46;39;37;42;46;35;37;42;33;32;34;29;42;37;29;25;40;31;38;29;41;32;39;22;27;28;35;31;37;31;35;34;25;29;29;34;26;32;39;33;24;25;37;37;35;26;33;24;30;31;30
7-8-2026 10:20;19;22;24;10;23;27;27;13;34;19;18;23;25;18;17;26;34;14;20;30;16;23;32;15;24;29;23;13;24;35;31;13;20;27;25;21;35;32;41;33;67;75;95;101;146;167;223;288;380;474;614;757;918;1065;1148;1139;1076;974;848;736;648;590;533;485;446;411;391;385;384;392;398;412;427;447;458;470;486;514;517;533;534;551;559;576;580;607;624;646;666;692;702;714;724;728;727;722;725;726;724;738;748;760;779;792;792;788;785;787;774;754;769;769;776;790;817;842;869;887;909;930;931;943;960;951;964;987;988;979;976;956;922;874;852;825;776;742;722;695;684;672;653;637;615;596;575;539;508;479;451;415;397;388;349;332;333;307;305;295;268;262;266;247;230;216;208;196;184;167;163;168;148;139;134;129;129;118;110;104;101;100;91;92;71;90;77;71;76;80;69;66;52;62;51;55;55;65;42;50;41;48;47;41;40;46;31;40;36;37;45;34;32;37;30;32;31;42;33;33;30;40;22;23;32;34;24;23;32;27;20;19;30;25;25;25;23;31;35;19;28;22;23;25;24;25;30;13;12;16;31;23;21;26;29;17;15;20
7-8-2026 10:20;23;23;19;31;29;21;37;24;18;28;28;20;20;32;12;23;24;23;13;30;21;27;28;31;31;26;23;25;23;28;22;29;29;26;25;37;32;33;40;45;58;78;104;103;135;172;226;287;382;475;604;764;933;1065;1149;1154;1083;964;847;747;657;578;537;491;442;409;402;387;383;401;413;416;431;440;462;471;497;517;524;532;546;551;566;582;595;604;626;648;675;687;713;726;737;735;747;739;742;740;755;775;792;826;855;877;904;935;973;1008;1053;1123;1213;1324;1483;1668;1899;2163;2484;2796;3092;3233;3244;3233;3243;3234;3224;3065;2818;2562;2310;2076;1833;1599;1399;1227;1082;971;896;825;778;743;714;682;652;634;602;565;522;492;465;427;404;394;352;349;336;314;299;293;288;274;255;248;238;221;205;200;195;175;158;169;162;140;136;136;132;121;112;103;99;90;103;91;81;87;83;81;72;70;70;66;65;55;61;53;57;54;49;48;46;41;44;49;42;50;39;37;42;30;35;36;38;36;26;29;34;34;27;30;44;23;20;37;29;24;28;40;26;22;19;37;21;18;29;29;22;32;30;13;21;40;25;14;23;37;17;9;21;33;13;22;27;21;24;28;29;14
7-8-2026 10:24;18;22;22;21;25;30;31;25;21;22;27;15;21;23;16;22;29;22;22;30;21;18;28;30;33;12;21;22;26;24;21;24;23;17;29;32;30;31;33;32;62;81;96;106;141;167;220;285;370;464;603;765;920;1048;1139;1154;1070;964;847;741;653;588;540;485;446;415;388;384;382;389;400;408;424;447;445;462;483;500;504;525;530;537;546;577;574;595;604;639;644;681;694;699;712;721;716;708;711;715;706;718;730;745;758;757;777;766;767;764;753;747;738;743;753;770;772;809;845;856;881;894;904;897;919;921;938;947;945;937;945;906;875;840;819;775;739;702;686;654;652;637;612;603;590;560;537;514;492;451;433;402;374;356;325;321;300;293;286;268;255;248;244;235;217;206;197;185;173;170;153;150;145;130;124;136;125;112;104;111;91;89;85;85;79;82;73;74;76;64;65;75;60;54;52;50;55;57;51;57;39;42;41;43;33;48;38;42;26;35;34;37;25;40;27;31;32;35;29;29;41;26;20;30;23;31;33;21;29;23;28;29;25;24;18;20;29;34;28;11;24;33;17;22;34;27;23;15;23;18;30;26;19;17;16;37;21;12
7-8-2026 10:24;18;27;29;17;25;35;18;19;28;29;20;21;24;30;18;28;27;24;14;34;18;25;34;35;27;19;28;22;20;36;18;22;32;30;26;29;35;39;47;45;57;78;88;106;143;175;226;295;376;476;611;767;927;1068;1150;1162;1091;987;856;749;663;601;538;487;449;418;387;385;384;400;406;414;429;447;458;474;488;501;525;525;540;548;570;575;593;620;641;671;709;745;786;824;875;929;983;1055;1172;1282;1456;1649;1873;2097;2289;2443;2531;2554;2544;2469;2372;2248;2113;1975;1857;1753;1667;1590;1536;1463;1398;1346;1281;1237;1207;1178;1157;1133;1119;1094;1068;1032;989;935;896;846;797;766;739;695;686;673;646;633;613;596;563;534;504;479;442;418;391;380;343;337;313;308;289;283;267;254;241;245;229;206;192;196;180;162;155;160;139;144;128;132;118;121;108;100;93;101;90;77;89;92;74;70;78;74;70;61;65;59;55;51;54;59;54;51;50;43;43;38;46;48;46;38;31;34;37;38;38;38;37;28;35;28;39;30;37;26;30;30;27;26;34;27;22;23;31;24;22;27;31;26;22;29;23;16;30;30;23;23;24;26;21;19;17;20;28;25;13;24;25;26;21;21
7-8-2026 10:26;25;23;26;21;27;26;32;30;26;27;33;25;16;28;38;24;27;31;37;33;24;31;39;23;34;24;29;25;35;36;22;27;40;41;29;39;44;30;45;51;60;76;102;122;142;170;221;300;380;479;618;771;924;1071;1158;1163;1076;974;850;747;646;588;536;488;437;409;390;392;381;389;393;417;423;439;458;471;478;490;498;523;534;530;550;577;572;588;613;634;638;669;689;701;712;710;704;697;709;717;712;720;726;745;758;761;773;771;761;760;753;743;747;752;760;763;782;814;844;852;881;896;908;906;936;928;943;968;961;947;954;921;895;847;830;785;747;714;698;666;656;651;632;619;596;582;552;530;499;467;440;408;384;367;345;330;314;303;300;286;273;260;259;243;223;217;202;187;173;176;165;163;156;146;137;138;130;124;112;110;107;100;98;98;90;88;78;89;75;77;64;83;69;61;58;59;71;59;62;56;57;44;49;56;47;56;53;46;39;33;49;50;35;46;47;35;32;44;37;28;47;31;33;34;49;36;26;51;44;23;25;43;38;36;35;39;30;23;38;36;29;30;29;29;28;33;32;19;28;41;39;36;32;36;24;35;34;37
7-8-2026 10:26;85;84;88;85;89;100;88;82;90;92;88;93;83;89;86;92;89;84;90;100;85;93;97;93;95;96;99;80;101;101;92;96;99;106;112;119;141;151;187;212;262;320;405;501;634;799;1007;1270;1582;1956;2380;2835;3149;3156;3165;3165;3163;3158;3159;3149;3153;3014;2681;2327;2021;1759;1552;1366;1225;1119;1024;928;887;837;795;756;733;726;705;698;688;673;674;687;682;692;700;716;731;752;753;759;761;758;746;741;731;726;725;729;733;763;767;770;774;777;770;769;766;759;750;753;762;773;789;823;849;865;890;908;910;913;941;943;947;967;967;958;943;928;911;852;834;786;758;731;701;672;670;660;629;618;607;585;561;533;504;475;443;421;393;375;343;339;324;310;298;295;271;262;254;246;230;216;205;191;174;178;165;159;156;139;135;131;132;120;108;110;98;100;97;96;82;90;86;82;77;76;80;68;71;66;63;49;58;63;61;52;49;45;55;41;50;59;48;40;35;39;42;42;40;46;34;42;37;39;37;37;39;38;29;37;32;36;36;39;28;31;32;37;30;27;39;31;24;39;31;23;32;38;32;32;28;38;29;22;29;32;34;29;27;25;25;37;34;25
;;;;;;;;;;;;;;;;;;;;;;;;;;;;;;;;;;;;;;;;;;;;;;;;;;;;;;;;;;;;;;;;;;;;;;;;;;;;;;;;;;;;;;;;;;;;;;;;;;;;;;;;;;;;;;;;;;;;;;;;;;;;;;;;;;;;;;;;;;;;;;;;;;;;;;;;;;;;;;;;;;;;;;;;;;;;;;;;;;;;;;;;;;;;;;;;;;;;;;;;;;;;;;;;;;;;;;;;;;;;;;;;;;;;;;;;;;;;;;;;;;;;;;;;;;;;;;;;
;;;;;;;;;;;;;;;;;;;;;;;;;;;;;;;;;;;;;;;;;;;;;;;;;;;;;;;;;;;;;;;;;;;;;;;;;;;;;;;;;;;;;;;;;;;;;;;;;;;;;;;;;;;;;;;;;;;;;;;;;;;;;;;;;;;;;;;;;;;;;;;;;;;;;;;;;;;;;;;;;;;;;;;;;;;;;;;;;;;;;;;;;;;;;;;;;;;;;;;;;;;;;;;;;;;;;;;;;;;;;;;;;;;;;;;;;;;;;;;;;;;;;;;;;;;;;;;;
;;;;;;;;;;;;;;;;;;;;;;;;;;;;;;;;;;;;;;;;;;;;;;;;;;;;;;;;;;;;;;;;;;;;;;;;;;;;;;;;;;;;;;;;;;;;;;;;;;;;;;;;;;;;;;;;;;;;;;;;;;;;;;;;;;;;;;;;;;;;;;;;;;;;;;;;;;;;;;;;;;;;;;;;;;;;;;;;;;;;;;;;;;;;;;;;;;;;;;;;;;;;;;;;;;;;;;;;;;;;;;;;;;;;;;;;;;;;;;;;;;;;;;;;;;;;;;;;
;300;302,745098;305,4901961;308,2352941;310,9803922;313,7254902;316,4705882;319,2156863;321,9607843;324,7058824;327,4509804;330,1960784;332,9411765;335,6862745;338,4313725;341,1764706;343,9215686;346,6666667;349,4117647;352,1568627;354,9019608;357,6470588;360,3921569;363,1372549;365,8823529;368,627451;371,372549;374,1176471;376,8627451;379,6078431;382,3529412;385,0980392;387,8431373;390,5882353;393,3333333;396,0784314;398,8235294;401,5686275;404,3137255;407,0588235;409,8039216;412,5490196;415,2941176;418,0392157;420,7843137;423,5294118;426,2745098;429,0196078;431,7647059;434,5098039;437,254902;440;442,745098;445,4901961;448,2352941;450,9803922;453,7254902;456,4705882;459,2156863;461,9607843;464,7058824;467,4509804;470,1960784;472,9411765;475,6862745;478,4313725;481,1764706;483,9215686;486,6666667;489,4117647;492,1568627;494,9019608;497,6470588;500,3921569;503,1372549;505,8823529;508,627451;511,372549;514,1176471;516,8627451;519,6078431;522,3529412;525,0980392;527,8431373;530,5882353;533,3333333;536,0784314;538,8235294;541,5686275;544,3137255;547,0588235;549,8039216;552,5490196;555,2941176;558,0392157;560,7843137;563,5294118;566,2745098;569,0196078;571,7647059;574,5098039;577,254902;580;582,745098;585,4901961;588,2352941;590,9803922;593,7254902;596,4705882;599,2156863;601,9607843;604,7058824;607,4509804;610,1960784;612,9411765;615,6862745;618,4313725;621,1764706;623,9215686;626,6666667;629,4117647;632,1568627;634,9019608;637,6470588;640,3921569;643,1372549;645,8823529;648,627451;651,372549;654,1176471;656,8627451;659,6078431;662,3529412;665,0980392;667,8431373;670,5882353;673,3333333;676,0784314;678,8235294;681,5686275;684,3137255;687,0588235;689,8039216;692,5490196;695,2941176;698,0392157;700,7843137;703,5294118;706,2745098;709,0196078;711,7647059;714,5098039;717,254902;720;722,745098;725,4901961;728,2352941;730,9803922;733,7254902;736,4705882;739,2156863;741,9607843;744,7058824;747,4509804;750,1960784;752,9411765;755,6862745;758,4313725;761,1764706;763,9215686;766,6666667;769,4117647;772,1568627;774,9019608;777,6470588;780,3921569;783,1372549;785,8823529;788,627451;791,372549;794,1176471;796,8627451;799,6078431;802,3529412;805,0980392;807,8431373;810,5882353;813,3333333;816,0784314;818,8235294;821,5686275;824,3137255;827,0588235;829,8039216;832,5490196;835,2941176;838,0392157;840,7843137;843,5294118;846,2745098;849,0196078;851,7647059;854,5098039;857,254902;860;862,745098;865,4901961;868,2352941;870,9803922;873,7254902;876,4705882;879,2156863;881,9607843;884,7058824;887,4509804;890,1960784;892,9411765;895,6862745;898,4313725;901,1764706;903,9215686;906,6666667;909,4117647;912,1568627;914,9019608;917,6470588;920,3921569;923,1372549;925,8823529;928,627451;931,372549;934,1176471;936,8627451;939,6078431;942,3529412;945,0980392;947,8431373;950,5882353;953,3333333;956,0784314;958,8235294;961,5686275;964,3137255;967,0588235;969,8039216;972,5490196;975,2941176;978,0392157;980,7843137;983,5294118;986,2745098;989,0196078;991,7647059;994,5098039;997,254902;1000
Red;7;-4;-5;-1;1;-4;4;21;5;3;15;0;3;13;6;2;14;14;0;4;8;6;16;10;11;4;-5;9;3;5;7;1;5;1;10;9;10;10;8;-4;5;15;-3;17;0;10;4;-2;10;2;11;10;6;12;-5;13;2;11;3;4;7;6;8;3;-6;13;16;2;8;8;13;6;10;-1;-1;14;13;0;8;17;4;8;8;6;6;17;7;12;11;7;5;15;10;0;8;8;9;6;21;6;-4;12;19;17;11;2;20;7;5;3;16;15;5;21;35;30;45;41;68;80;92;115;153;198;235;290;381;488;582;736;930;1143;1384;1613;1857;2083;2245;2318;2352;2340;2268;2083;1836;1560;1280;1024;807;634;497;379;293;221;174;129;118;78;60;42;36;35;26;22;17;20;14;6;2;14;14;-7;-4;13;20;-7;14;10;-3;10;2;0;-2;15;-1;8;16;4;-10;9;6;1;3;14;5;6;5;15;-2;8;6;17;-3;13;8;3;4;11;0;6;7;12;-3;2;17;11;-5;-3;5;12;1;-6;1;17;7;10;5;9;7;12;-7;-1;-3;6;10;18;1;15;3;6;7;-6;12;1;2;17;15;0;7;14;9;2;1;7;0;4;12;12
Yellow;4;1;-5;21;6;-6;10;11;-16;9;10;-3;-5;14;-5;-3;-10;9;-7;0;5;4;-4;16;7;-3;0;12;-1;-7;-9;16;9;-1;0;16;-3;1;-1;12;-9;3;9;2;-11;5;3;-1;2;1;-10;7;15;0;1;15;7;-10;-1;11;9;-12;4;6;-4;-2;11;2;-1;9;15;4;4;-7;4;1;11;3;7;-1;12;0;7;6;15;-3;2;2;9;-5;11;12;13;7;20;17;17;14;31;37;44;66;76;85;112;147;188;221;279;369;444;555;707;878;1082;1321;1615;1909;2183;2303;2313;2290;2283;2283;2260;2078;1830;1583;1334;1120;911;725;547;402;306;229;174;130;94;71;61;45;37;38;27;26;14;13;14;12;7;6;3;17;3;7;-6;-2;20;12;-11;1;8;5;-3;4;11;8;-5;1;14;1;2;7;3;3;2;-1;-2;-10;12;-1;10;-3;6;10;-4;-10;1;0;13;-7;10;-2;2;-11;7;-2;5;-7;-3;8;2;4;8;-3;6;-7;-10;2;6;-1;-4;-3;3;-8;-6;-3;14;-17;-2;14;-3;-10;4;17;-6;-5;-1;18;-9;-7;4;4;-1;1;-5;-6;-7;18;2;-11;-1;12;-13;-4;9;17;-18;-1;6;-5;-5;11;14;-6
Green;0;5;7;-4;0;5;-13;-6;7;7;-7;6;3;7;2;6;-2;2;-8;4;-3;7;6;5;-6;7;7;0;-6;12;-3;-2;9;13;-3;-3;5;8;14;13;-5;-3;-8;0;2;8;6;10;6;12;8;2;7;20;11;8;21;23;9;8;10;13;-2;2;3;3;-1;1;2;11;6;6;5;0;13;12;5;1;21;0;10;11;24;-2;19;25;37;32;65;64;92;125;163;208;267;347;461;567;750;931;1143;1352;1531;1686;1754;1788;1777;1705;1619;1501;1375;1232;1104;983;895;781;691;607;517;452;377;340;288;257;219;186;174;157;123;126;114;95;77;71;58;64;53;41;34;36;34;30;23;36;26;20;12;28;9;16;17;24;18;16;13;15;3;15;12;6;-3;10;12;0;-5;11;7;-8;2;10;-6;14;4;-4;-7;9;4;-11;2;12;5;-8;10;10;1;-4;2;10;5;-14;5;5;3;1;-1;2;3;-6;11;1;2;-5;13;0;8;-4;5;-1;3;1;13;-2;10;-3;3;-7;10;1;-4;0;10;0;4;-5;1;6;-7;0;3;-5;-3;3;13;6;-7;-5;-5;5;6;-3;6;1;-10;-1;-2;4;-6;2;-2;-1;-6;7;9;-11;0;9
Blue;60;61;62;64;62;74;56;52;64;65;55;68;67;61;48;68;62;53;53;67;61;62;58;70;61;72;70;55;66;65;70;69;59;65;83;80;97;121;142;161;202;244;303;379;492;629;786;970;1202;1477;1762;2064;2225;2085;2007;2002;2087;2184;2309;2402;2507;2426;2145;1839;1584;1350;1162;974;844;730;631;511;464;398;337;285;255;236;207;175;154;143;124;110;110;104;87;82;93;83;64;58;49;48;42;44;22;9;13;9;7;18;9;9;1;6;9;9;13;16;3;1;2;10;7;9;5;13;9;12;2;7;5;15;4;-1;6;11;-11;7;16;5;4;1;11;17;3;6;14;9;-3;-1;11;3;9;3;5;8;3;13;9;8;-2;9;10;7;-2;9;-2;2;-5;3;7;-1;3;4;1;2;0;-4;0;-7;-2;-7;2;-4;-4;0;-9;0;-1;-2;-8;2;8;-7;2;-1;16;-15;2;5;5;-10;-13;4;-1;-4;-8;1;6;-15;3;3;-5;-6;-4;6;-7;-8;5;0;-13;7;5;-5;0;9;-8;7;-4;3;-17;0;10;-12;-16;8;7;-6;-8;-9;4;-8;-6;16;-7;-13;3;8;3;3;0;5;-3;3;1;-9;-5;-7;-5;-11;1;2;0;-12
;;;;;;;;;;;;;;;;;;;;;;;;;;;;;;;;;;;;;;;;;;;;;;;;;;;;;;;;;;;;;;;;;;;;;;;;;;;;;;;;;;;;;;;;;;;;;;;;;;;;;;;;;;;;;;;;;;;;;;;;;;;;;;;;;;;;;;;;;;;;;;;;;;;;;;;;;;;;;;;;;;;;;;;;;;;;;;;;;;;;;;;;;;;;;;;;;;;;;;;;;;;;;;;;;;;;;;;;;;;;;;;;;;;;;;;;;;;;;;;;;;;;;;;;;;;;;;;;
;71;63;59;80;69;69;57;78;60;84;73;71;68;95;51;73;64;78;38;75;71;79;76;101;73;80;72;76;62;75;65;84;82;78;90;102;109;140;163;182;193;259;301;398;483;652;799;977;1220;1492;1771;2083;2253;2117;2014;2038;2117;2208;2320;2425;2533;2433;2155;1850;1577;1364;1188;979;853;758;665;527;483;390;353;312;284;240;243;191;180;162;163;120;150;143;133;128;178;149;172;210;235;263;337;416;509;596;815;983;1190;1448;1635;1797;1878;1943;1994;1942;1916;1889;1838;1803;1818;1892;2019;2141;2356;2570;2777;2847;2784;2752;2729;2753;2718;2553;2391;2239;2028;1989;1971;1968;2012;2087;2232;2393;2475;2495;2494;2456;2360;2157;1907;1637;1342;1073;838;683;523;420;326;259;193;171;144;107;55;64;66;55;7;36;44;24;9;25;21;16;11;0;4;21;24;-11;12;18;-1;-2;-7;2;14;4;11;17;31;3;-10;8;28;-28;23;17;23;-5;-7;10;7;-4;14;12;2;1;26;10;15;-2;7;4;-7;7;21;-1;10;12;6;-23;9;19;3;-16;5;34;-9;-5;20;20;-22;15;2;6;-23;-7;31;20;-13;27;-14;-8;9;17;23;-6;-9;33;-3;3;11;24;-16;-7;-4;-2;5;6;26;3
;;;;;;;;;;;;;;;;;;;;;;;;;;;;;;;;;;;;;;;;;;;;;;;;;;;;;;;;;;;;;;;;;;;;;;;;;;;;;;;;;;;;;;;;;;;;;;;;;;;;;;;;;;;;;;;;;;;;;;;;;;;;;;;;;;;;;;;;;;;;;;;;;;;;;;;;;;;;;;;;;;;;;;;;;;;;;;;;;;;;;;;;;;;;;;;;;;;;;;;;;;;;;;;;;;;;;;;;;;;;;;;;;;;;;;;;;;;;;;;;;;;;;;;;;;;;;;;;
;;;;;;;;;;;;;;;;;;;;;;;;;;;;;;;;;;;;;;;;;;;;;;;;;;;;;;;;;;;;;;;;;;;;;;;;;;;;;;;;;;;;;;;;;;;;;;;;;;;;;;;;;;;;;;;;;;;;;;;;;;;;;;;;;;;;;;;;;;;;;;;;;;;;;;;;;;;;;;;;;;;;;;;;;;;;;;;;;;;;;;;;;;;;;;;;;;;;;;;;;;;;;;;;;;;;;;;;;;;;;;;;;;;;;;;;;;;;;;;;;;;;;;;;;;;;;;;;
;;;;;;;;;;;;;;;;;;;;;;;;;;;;;;;;;;;;;;;;;;;;;;;;;;;;;;;;;;;;;;;;;;;;;;;;;;;;;;;;;;;;;;;;;;;;;;;;;;;;;;;;;;;;;;;;;;;;;;;;;;;;;;;;;;;;;;;;;;;;;;;;;;;;;;;;;;;;;;;;;;;;;;;;;;;;;;;;;;;;;;;;;;;;;;;;;;;;;;;;;;;;;;;;;;;;;;;;;;;;;;;;;;;;;;;;;;;;;;;;;;;;;;;;;;;;;;;;
first pixel;300;;;;;;;;;;;;;;;;;;;;;;;;;;;;;;;;;;;;;;;;;;;;;;;;;;;;;;;;;;;;;;;;;;;;;;;;;;;;;;;;;;;;;;;;;;;;;;;;;;;;;;;;;;;;;;;;;;;;;;;;;;;;;;;;;;;;;;;;;;;;;;;;;;;;;;;;;;;;;;;;;;;;;;;;;;;;;;;;;;;;;;;;;;;;;;;;;;;;;;;;;;;;;;;;;;;;;;;;;;;;;;;;;;;;;;;;;;;;;;;;;;;;;;;;;;;;;;;
last pixel;1000;;;;;;;;;;;;;;;;;;;;;;;;;;;;;;;;;;;;;;;;;;;;;;;;;;;;;;;;;;;;;;;;;;;;;;;;;;;;;;;;;;;;;;;;;;;;;;;;;;;;;;;;;;;;;;;;;;;;;;;;;;;;;;;;;;;;;;;;;;;;;;;;;;;;;;;;;;;;;;;;;;;;;;;;;;;;;;;;;;;;;;;;;;;;;;;;;;;;;;;;;;;;;;;;;;;;;;;;;;;;;;;;;;;;;;;;;;;;;;;;;;;;;;;;;;;;;;;
step size;2,745098039;;;;;;;;;;;;;;;;;;;;;;;;;;;;;;;;;;;;;;;;;;;;;;;;;;;;;;;;;;;;;;;;;;;;;;;;;;;;;;;;;;;;;;;;;;;;;;;;;;;;;;;;;;;;;;;;;;;;;;;;;;;;;;;;;;;;;;;;;;;;;;;;;;;;;;;;;;;;;;;;;;;;;;;;;;;;;;;;;;;;;;;;;;;;;;;;;;;;;;;;;;;;;;;;;;;;;;;;;;;;;;;;;;;;;;;;;;;;;;;;;;;;;;;;;;;;;;;
;;;;;;;;;;;;;;;;;;;;;;;;;;;;;;;;;;;;;;;;;;;;;;;;;;;;;;;;;;;;;;;;;;;;;;;;;;;;;;;;;;;;;;;;;;;;;;;;;;;;;;;;;;;;;;;;;;;;;;;;;;;;;;;;;;;;;;;;;;;;;;;;;;;;;;;;;;;;;;;;;;;;;;;;;;;;;;;;;;;;;;;;;;;;;;;;;;;;;;;;;;;;;;;;;;;;;;;;;;;;;;;;;;;;;;;;;;;;;;;;;;;;;;;;;;;;;;;;
;;;;;;;;;;;;;;;;;;;;;;;;;;;;;;;;;;;;;;;;;;;;;;;;;;;;;;;;;;;;;;;;;;;;;;;;;;;;;;;;;;;;;;;;;;;;;;;;;;;;;;;;;;;;;;;;;;;;;;;;;;;;;;;;;;;;;;;;;;;;;;;;;;;;;;;;;;;;;;;;;;;;;;;;;;;;;;;;;;;;;;;;;;;;;;;;;;;;;;;;;;;;;;;;;;;;;;;;;;;;;;;;;;;;;;;;;;;;;;;;;;;;;;;;;;;;;;;;
;;;;;;;;;;;;;;;;;;;;;;;;;;;;;;;;;;;;;;;;;;;;;;;;;;;;;;;;;;;;;;;;;;;;;;;;;;;;;;;;;;;;;;;;;;;;;;;;;;;;;;;;;;;;;;;;;;;;;;;;;;;;;;;;;;;;;;;;;;;;;;;;;;;;;;;;;;;;;;;;;;;;;;;;;;;;;;;;;;;;;;;;;;;;;;;;;;;;;;;;;;;;;;;;;;;;;;;;;;;;;;;;;;;;;;;;;;;;;;;;;;;;;;;;;;;;;;;;
Peaks;Cal;my file;;;;;;;;;;;;;;;;;;;;;;;;;;;;;;;;;;;;;;;;;;;;;;;;;;;;;;;;;;;;;;;;;;;;;;;;;;;;;;;;;;;;;;;;;;;;;;;;;;;;;;;;;;;;;;;;;;;;;;;;;;;;;;;;;;;;;;;;;;;;;;;;;;;;;;;;;;;;;;;;;;;;;;;;;;;;;;;;;;;;;;;;;;;;;;;;;;;;;;;;;;;;;;;;;;;;;;;;;;;;;;;;;;;;;;;;;;;;;;;;;;;;;;;;;;;;;;
Red;635.757;;;;;;;;;;;;;;;;;;;;;;;;;;;;;;;;;;;;;;;;;;;;;;;;;;;;;;;;;;;;;;;;;;;;;;;;;;;;;;;;;;;;;;;;;;;;;;;;;;;;;;;;;;;;;;;;;;;;;;;;;;;;;;;;;;;;;;;;;;;;;;;;;;;;;;;;;;;;;;;;;;;;;;;;;;;;;;;;;;;;;;;;;;;;;;;;;;;;;;;;;;;;;;;;;;;;;;;;;;;;;;;;;;;;;;;;;;;;;;;;;;;;;;;;;;;;;;;
Yellow;602,982;;;;;;;;;;;;;;;;;;;;;;;;;;;;;;;;;;;;;;;;;;;;;;;;;;;;;;;;;;;;;;;;;;;;;;;;;;;;;;;;;;;;;;;;;;;;;;;;;;;;;;;;;;;;;;;;;;;;;;;;;;;;;;;;;;;;;;;;;;;;;;;;;;;;;;;;;;;;;;;;;;;;;;;;;;;;;;;;;;;;;;;;;;;;;;;;;;;;;;;;;;;;;;;;;;;;;;;;;;;;;;;;;;;;;;;;;;;;;;;;;;;;;;;;;;;;;;;
Green;566,081;;;;;;;;;;;;;;;;;;;;;;;;;;;;;;;;;;;;;;;;;;;;;;;;;;;;;;;;;;;;;;;;;;;;;;;;;;;;;;;;;;;;;;;;;;;;;;;;;;;;;;;;;;;;;;;;;;;;;;;;;;;;;;;;;;;;;;;;;;;;;;;;;;;;;;;;;;;;;;;;;;;;;;;;;;;;;;;;;;;;;;;;;;;;;;;;;;;;;;;;;;;;;;;;;;;;;;;;;;;;;;;;;;;;;;;;;;;;;;;;;;;;;;;;;;;;;;;
Blue;475,303;;;;;;;;;;;;;;;;;;;;;;;;;;;;;;;;;;;;;;;;;;;;;;;;;;;;;;;;;;;;;;;;;;;;;;;;;;;;;;;;;;;;;;;;;;;;;;;;;;;;;;;;;;;;;;;;;;;;;;;;;;;;;;;;;;;;;;;;;;;;;;;;;;;;;;;;;;;;;;;;;;;;;;;;;;;;;;;;;;;;;;;;;;;;;;;;;;;;;;;;;;;;;;;;;;;;;;;;;;;;;;;;;;;;;;;;;;;;;;;;;;;;;;;;;;;;;;;
